Date,Call Volume,U.S. Holiday Indicator,Call Volume Impact,Day of Week,Day of Month,Day of Year,Week of Year,Month,Quarter,Is Weekend
01-01-2023,400,New Year's Day,Decreased due to New Year's Day,0,1,1,1,1,1,0
02-01-2023,500,,,1,2,2,1,1,1,0
03-01-2023,500,,,2,3,3,1,1,1,0
04-01-2023,500,,,3,4,4,1,1,1,0
05-01-2023,500,,,4,5,5,1,1,1,0
06-01-2023,600,,,5,6,6,1,1,1,1
07-01-2023,781,,Increased due to billing date,6,7,7,1,1,1,1
08-01-2023,500,,,0,8,8,2,1,1,0
09-01-2023,501,,,1,9,9,2,1,1,0
10-01-2023,501,,,2,10,10,2,1,1,0
11-01-2023,501,,,3,11,11,2,1,1,0
12-01-2023,501,,,4,12,12,2,1,1,0
13-01-2023,601,,,5,13,13,2,1,1,1
14-01-2023,601,,,6,14,14,2,1,1,1
15-01-2023,501,Martin Luther King Jr. Day,,0,15,15,3,1,1,0
16-01-2023,501,,,1,16,16,3,1,1,0
17-01-2023,502,,Unexpected fluctuation,2,17,17,3,1,1,0
18-01-2023,501,,,3,18,18,3,1,1,0
19-01-2023,501,,,4,19,19,3,1,1,0
20-01-2023,602,,,5,20,20,3,1,1,1
21-01-2023,602,,,6,21,21,3,1,1,1
22-01-2023,501,,,0,22,22,4,1,1,0
23-01-2023,502,,,1,23,23,4,1,1,0
24-01-2023,502,,,2,24,24,4,1,1,0
25-01-2023,652,,Increased due to billing date,3,25,25,4,1,1,0
26-01-2023,652,,Increased due to billing date,4,26,26,4,1,1,0
27-01-2023,602,,,5,27,27,4,1,1,1
28-01-2023,783,,Increased due to billing date,6,28,28,4,1,1,1
29-01-2023,502,,,0,29,29,5,1,1,0
30-01-2023,502,,,1,30,30,5,1,1,0
31-01-2023,502,,,2,31,31,5,1,1,0
01-02-2023,502,,,3,1,32,5,2,1,0
02-02-2023,490,,Unexpected fluctuation,4,2,33,5,2,1,0
03-02-2023,603,,,5,3,34,5,2,1,1
04-02-2023,603,,,6,4,35,5,2,1,1
05-02-2023,502,,,0,5,36,6,2,1,0
06-02-2023,502,,,1,6,37,6,2,1,0
07-02-2023,653,,Increased due to billing date,2,7,38,6,2,1,0
08-02-2023,503,,,3,8,39,6,2,1,0
09-02-2023,503,,,4,9,40,6,2,1,0
10-02-2023,603,,,5,10,41,6,2,1,1
11-02-2023,603,,,6,11,42,6,2,1,1
12-02-2023,503,,,0,12,43,7,2,1,0
13-02-2023,503,,,1,13,44,7,2,1,0
14-02-2023,503,,,2,14,45,7,2,1,0
15-02-2023,503,,,3,15,46,7,2,1,0
16-02-2023,503,,,4,16,47,7,2,1,0
17-02-2023,604,,,5,17,48,7,2,1,1
18-02-2023,604,,,6,18,49,7,2,1,1
19-02-2023,503,Washington's Birthday,,0,19,50,8,2,1,0
20-02-2023,503,,,1,20,51,8,2,1,0
21-02-2023,503,,,2,21,52,8,2,1,0
22-02-2023,504,,,3,22,53,8,2,1,0
23-02-2023,504,,,4,23,54,8,2,1,0
24-02-2023,448,,Unexpected fluctuation,5,24,55,8,2,1,1
25-02-2023,786,,Increased due to billing date,6,25,56,8,2,1,1
26-02-2023,655,,Increased due to billing date,0,26,57,9,2,1,0
27-02-2023,504,,,1,27,58,9,2,1,0
28-02-2023,655,,Increased due to billing date,2,28,59,9,2,1,0
28-02-2023,504,,,3,29,60,9,2,1,0
01-03-2023,504,,,4,1,61,9,3,1,0
02-03-2023,605,,,5,2,62,9,3,1,1
03-03-2023,767,,Unexpected fluctuation,6,3,63,9,3,1,1
04-03-2023,504,,,0,4,64,10,3,1,0
05-03-2023,504,,,1,5,65,10,3,1,0
06-03-2023,504,,,2,6,66,10,3,1,0
07-03-2023,656,,Increased due to billing date,3,7,67,10,3,1,0
08-03-2023,576,,Unexpected fluctuation,4,8,68,10,3,1,0
09-03-2023,606,,,5,9,69,10,3,1,1
10-03-2023,606,,,6,10,70,10,3,1,1
11-03-2023,505,,,0,11,71,11,3,1,0
12-03-2023,505,,,1,12,72,11,3,1,0
13-03-2023,505,,,2,13,73,11,3,1,0
14-03-2023,,,Missing data (anomaly),3,14,74,11,3,1,0
15-03-2023,505,,,4,15,75,11,3,1,0
16-03-2023,606,,,5,16,76,11,3,1,1
17-03-2023,606,,,6,17,77,11,3,1,1
18-03-2023,505,,,0,18,78,12,3,1,0
19-03-2023,505,,,1,19,79,12,3,1,0
20-03-2023,505,,,2,20,80,12,3,1,0
21-03-2023,505,,,3,21,81,12,3,1,0
22-03-2023,506,,,4,22,82,12,3,1,0
23-03-2023,607,,,5,23,83,12,3,1,1
24-03-2023,607,,,6,24,84,12,3,1,1
25-03-2023,657,,Increased due to billing date,0,25,85,13,3,1,0
26-03-2023,658,,Increased due to billing date,1,26,86,13,3,1,0
27-03-2023,735,,Unexpected fluctuation,2,27,87,13,3,1,0
28-03-2023,658,,Increased due to billing date,3,28,88,13,3,1,0
29-03-2023,506,,,4,29,89,13,3,1,0
30-03-2023,607,,,5,30,90,13,3,1,1
31-03-2023,607,,,6,31,91,13,3,1,1
01-04-2023,506,,,0,1,92,14,4,2,0
02-04-2023,506,,,1,2,93,14,4,2,0
03-04-2023,506,,,2,3,94,14,4,2,0
04-04-2023,506,,,3,4,95,14,4,2,0
05-04-2023,507,,,4,5,96,14,4,2,0
06-04-2023,608,,,5,6,97,14,4,2,1
07-04-2023,790,,Increased due to billing date,6,7,98,14,4,2,1
08-04-2023,507,,,0,8,99,15,4,2,0
09-04-2023,507,,,1,9,100,15,4,2,0
10-04-2023,507,,,2,10,101,15,4,2,0
11-04-2023,507,,,3,11,102,15,4,2,0
12-04-2023,507,,,4,12,103,15,4,2,0
13-04-2023,608,,,5,13,104,15,4,2,1
14-04-2023,609,,,6,14,105,15,4,2,1
15-04-2023,493,,Unexpected fluctuation,0,15,106,16,4,2,0
16-04-2023,507,,,1,16,107,16,4,2,0
17-04-2023,507,,,2,17,108,16,4,2,0
18-04-2023,507,,,3,18,109,16,4,2,0
19-04-2023,507,,,4,19,110,16,4,2,0
20-04-2023,609,,,5,20,111,16,4,2,1
21-04-2023,609,,,6,21,112,16,4,2,1
22-04-2023,508,,,0,22,113,17,4,2,0
23-04-2023,508,,,1,23,114,17,4,2,0
24-04-2023,508,,,2,24,115,17,4,2,0
25-04-2023,660,,Increased due to billing date,3,25,116,17,4,2,0
26-04-2023,660,,Increased due to billing date,4,26,117,17,4,2,0
27-04-2023,610,,,5,27,118,17,4,2,1
28-04-2023,793,,Increased due to billing date,6,28,119,17,4,2,1
29-04-2023,508,,,0,29,120,18,4,2,0
30-04-2023,508,,,1,30,121,18,4,2,0
01-05-2023,508,,,2,1,122,18,5,2,0
02-05-2023,508,,,3,2,123,18,5,2,0
03-05-2023,508,,,4,3,124,18,5,2,0
04-05-2023,610,,,5,4,125,18,5,2,1
05-05-2023,610,,,6,5,126,18,5,2,1
06-05-2023,509,,,0,6,127,19,5,2,0
07-05-2023,,,Missing data (anomaly),1,7,128,19,5,2,0
08-05-2023,509,,,2,8,129,19,5,2,0
09-05-2023,509,,,3,9,130,19,5,2,0
10-05-2023,509,,,4,10,131,19,5,2,0
11-05-2023,611,,,5,11,132,19,5,2,1
12-05-2023,611,,,6,12,133,19,5,2,1
13-05-2023,509,,,0,13,134,20,5,2,0
14-05-2023,509,,,1,14,135,20,5,2,0
15-05-2023,509,,,2,15,136,20,5,2,0
16-05-2023,509,,,3,16,137,20,5,2,0
17-05-2023,509,,,4,17,138,20,5,2,0
18-05-2023,611,,,5,18,139,20,5,2,1
19-05-2023,611,,,6,19,140,20,5,2,1
20-05-2023,510,,,0,20,141,21,5,2,0
21-05-2023,510,,,1,21,142,21,5,2,0
22-05-2023,510,,,2,22,143,21,5,2,0
23-05-2023,510,,,3,23,144,21,5,2,0
24-05-2023,510,,,4,24,145,21,5,2,0
25-05-2023,795,,Increased due to billing date,5,25,146,21,5,2,1
26-05-2023,796,,Increased due to billing date,6,26,147,21,5,2,1
27-05-2023,510,Memorial Day,,0,27,148,22,5,2,0
28-05-2023,663,,Increased due to billing date,1,28,149,22,5,2,0
29-05-2023,510,,,2,29,150,22,5,2,0
30-05-2023,510,,,3,30,151,22,5,2,0
31-05-2023,510,,,4,31,152,22,5,2,0
01-06-2023,612,,,5,1,153,22,6,2,1
02-06-2023,1125,,Unexpected fluctuation,6,2,154,22,6,2,1
03-06-2023,511,,,0,3,155,23,6,2,0
04-06-2023,511,,,1,4,156,23,6,2,0
05-06-2023,511,,,2,5,157,23,6,2,0
06-06-2023,511,,,3,6,158,23,6,2,0
07-06-2023,664,,Increased due to billing date,4,7,159,23,6,2,0
08-06-2023,613,,,5,8,160,23,6,2,1
09-06-2023,398,,Unexpected fluctuation,6,9,161,23,6,2,1
10-06-2023,511,,,0,10,162,24,6,2,0
11-06-2023,511,,,1,11,163,24,6,2,0
12-06-2023,511,,,2,12,164,24,6,2,0
13-06-2023,511,,,3,13,165,24,6,2,0
14-06-2023,511,,,4,14,166,24,6,2,0
15-06-2023,614,,,5,15,167,24,6,2,1
16-06-2023,614,,,6,16,168,24,6,2,1
17-06-2023,512,,,0,17,169,25,6,2,0
18-06-2023,702,,Unexpected fluctuation,1,18,170,25,6,2,0
19-06-2023,512,Juneteenth National Independence Day,,2,19,171,25,6,2,0
20-06-2023,512,,,3,20,172,25,6,2,0
21-06-2023,512,,,4,21,173,25,6,2,0
22-06-2023,614,,,5,22,174,25,6,2,1
23-06-2023,614,,,6,23,175,25,6,2,1
24-06-2023,512,,,0,24,176,26,6,2,0
25-06-2023,666,,Increased due to billing date,1,25,177,26,6,2,0
26-06-2023,666,,Increased due to billing date,2,26,178,26,6,2,0
27-06-2023,512,,,3,27,179,26,6,2,0
28-06-2023,666,,Increased due to billing date,4,28,180,26,6,2,0
29-06-2023,615,,,5,29,181,26,6,2,1
30-06-2023,615,,,6,30,182,26,6,2,1
01-07-2023,512,,,0,1,183,27,7,3,0
02-07-2023,513,,,1,2,184,27,7,3,0
03-07-2023,513,,,2,3,185,27,7,3,0
04-07-2023,410,Independence Day,Decreased due to Independence Day,3,4,186,27,7,3,0
05-07-2023,513,,,4,5,187,27,7,3,0
06-07-2023,615,,,5,6,188,27,7,3,1
07-07-2023,800,,Increased due to billing date,6,7,189,27,7,3,1
08-07-2023,513,,,0,8,190,28,7,3,0
09-07-2023,513,,,1,9,191,28,7,3,0
10-07-2023,513,,,2,10,192,28,7,3,0
11-07-2023,513,,,3,11,193,28,7,3,0
12-07-2023,513,,,4,12,194,28,7,3,0
13-07-2023,,,Missing data (anomaly),5,13,195,28,7,3,1
14-07-2023,616,,,6,14,196,28,7,3,1
15-07-2023,513,,,0,15,197,29,7,3,0
16-07-2023,513,,,1,16,198,29,7,3,0
17-07-2023,514,,,2,17,199,29,7,3,0
18-07-2023,514,,,3,18,200,29,7,3,0
19-07-2023,514,,,4,19,201,29,7,3,0
20-07-2023,617,,,5,20,202,29,7,3,1
21-07-2023,617,,,6,21,203,29,7,3,1
22-07-2023,514,,,0,22,204,30,7,3,0
23-07-2023,514,,,1,23,205,30,7,3,0
24-07-2023,514,,,2,24,206,30,7,3,0
25-07-2023,668,,Increased due to billing date,3,25,207,30,7,3,0
26-07-2023,668,,Increased due to billing date,4,26,208,30,7,3,0
27-07-2023,,,Missing data (anomaly),5,27,209,30,7,3,1
28-07-2023,802,,Increased due to billing date,6,28,210,30,7,3,1
29-07-2023,514,,,0,29,211,31,7,3,0
30-07-2023,514,,,1,30,212,31,7,3,0
31-07-2023,515,,,2,31,213,31,7,3,0
01-08-2023,515,,,3,1,214,31,8,3,0
02-08-2023,515,,,4,2,215,31,8,3,0
03-08-2023,618,,,5,3,216,31,8,3,1
04-08-2023,618,,,6,4,217,31,8,3,1
05-08-2023,515,,,0,5,218,32,8,3,0
06-08-2023,515,,,1,6,219,32,8,3,0
07-08-2023,670,,Increased due to billing date,2,7,220,32,8,3,0
08-08-2023,515,,,3,8,221,32,8,3,0
09-08-2023,515,,,4,9,222,32,8,3,0
10-08-2023,618,,,5,10,223,32,8,3,1
11-08-2023,618,,,6,11,224,32,8,3,1
12-08-2023,515,,,0,12,225,33,8,3,0
13-08-2023,515,,,1,13,226,33,8,3,0
14-08-2023,515,,,2,14,227,33,8,3,0
15-08-2023,516,,,3,15,228,33,8,3,0
16-08-2023,516,,,4,16,229,33,8,3,0
17-08-2023,619,,,5,17,230,33,8,3,1
18-08-2023,619,,,6,18,231,33,8,3,1
19-08-2023,516,,,0,19,232,34,8,3,0
20-08-2023,516,,,1,20,233,34,8,3,0
21-08-2023,516,,,2,21,234,34,8,3,0
22-08-2023,516,,,3,22,235,34,8,3,0
23-08-2023,516,,,4,23,236,34,8,3,0
24-08-2023,619,,,5,24,237,34,8,3,1
25-08-2023,805,,Increased due to billing date,6,25,238,34,8,3,1
26-08-2023,671,,Increased due to billing date,0,26,239,35,8,3,0
27-08-2023,516,,,1,27,240,35,8,3,0
28-08-2023,671,,Increased due to billing date,2,28,241,35,8,3,0
29-08-2023,517,,,3,29,242,35,8,3,0
30-08-2023,517,,,4,30,243,35,8,3,0
31-08-2023,620,,,5,31,244,35,8,3,1
01-09-2023,620,,,6,1,245,35,9,3,1
02-09-2023,517,Labor Day,,0,2,246,36,9,3,0
03-09-2023,517,,,1,3,247,36,9,3,0
04-09-2023,517,,,2,4,248,36,9,3,0
05-09-2023,517,,,3,5,249,36,9,3,0
06-09-2023,517,,,4,6,250,36,9,3,0
07-09-2023,807,,Increased due to billing date,5,7,251,36,9,3,1
08-09-2023,621,,,6,8,252,36,9,3,1
09-09-2023,517,,,0,9,253,37,9,3,0
10-09-2023,517,,,1,10,254,37,9,3,0
11-09-2023,517,,,2,11,255,37,9,3,0
12-09-2023,517,,,3,12,256,37,9,3,0
13-09-2023,518,,,4,13,257,37,9,3,0
14-09-2023,,,Missing data (anomaly),5,14,258,37,9,3,1
15-09-2023,621,,,6,15,259,37,9,3,1
16-09-2023,518,,,0,16,260,38,9,3,0
17-09-2023,518,,,1,17,261,38,9,3,0
18-09-2023,518,,,2,18,262,38,9,3,0
19-09-2023,518,,,3,19,263,38,9,3,0
20-09-2023,518,,,4,20,264,38,9,3,0
21-09-2023,622,,,5,21,265,38,9,3,1
22-09-2023,622,,,6,22,266,38,9,3,1
23-09-2023,518,,,0,23,267,39,9,3,0
24-09-2023,518,,,1,24,268,39,9,3,0
25-09-2023,674,,Increased due to billing date,2,25,269,39,9,3,0
26-09-2023,674,,Increased due to billing date,3,26,270,39,9,3,0
27-09-2023,518,,,4,27,271,39,9,3,0
28-09-2023,809,,Increased due to billing date,5,28,272,39,9,3,1
29-09-2023,622,,,6,29,273,39,9,3,1
30-09-2023,519,,,0,30,274,40,9,3,0
01-10-2023,519,,,1,1,275,40,10,4,0
02-10-2023,519,,,2,2,276,40,10,4,0
03-10-2023,687,,Unexpected fluctuation,3,3,277,40,10,4,0
04-10-2023,519,,,4,4,278,40,10,4,0
05-10-2023,623,,,5,5,279,40,10,4,1
06-10-2023,623,,,6,6,280,40,10,4,1
07-10-2023,675,,Increased due to billing date,0,7,281,41,10,4,0
08-10-2023,519,,,1,8,282,41,10,4,0
09-10-2023,519,,,2,9,283,41,10,4,0
10-10-2023,519,,,3,10,284,41,10,4,0
11-10-2023,519,,,4,11,285,41,10,4,0
12-10-2023,623,,,5,12,286,41,10,4,1
13-10-2023,624,,,6,13,287,41,10,4,1
14-10-2023,520,Columbus Day,,0,14,288,42,10,4,0
15-10-2023,520,,,1,15,289,42,10,4,0
16-10-2023,520,,,2,16,290,42,10,4,0
17-10-2023,520,,,3,17,291,42,10,4,0
18-10-2023,520,,,4,18,292,42,10,4,0
19-10-2023,624,,,5,19,293,42,10,4,1
20-10-2023,624,,,6,20,294,42,10,4,1
21-10-2023,520,,,0,21,295,43,10,4,0
22-10-2023,520,,,1,22,296,43,10,4,0
23-10-2023,520,,,2,23,297,43,10,4,0
24-10-2023,520,,,3,24,298,43,10,4,0
25-10-2023,677,,Increased due to billing date,4,25,299,43,10,4,0
26-10-2023,812,,Increased due to billing date,5,26,300,43,10,4,1
27-10-2023,625,,,6,27,301,43,10,4,1
28-10-2023,677,,Increased due to billing date,0,28,302,44,10,4,0
29-10-2023,521,,,1,29,303,44,10,4,0
30-10-2023,521,,,2,30,304,44,10,4,0
31-10-2023,521,,,3,31,305,44,10,4,0
01-11-2023,521,,,4,1,306,44,11,4,0
02-11-2023,625,,,5,2,307,44,11,4,1
03-11-2023,625,,,6,3,308,44,11,4,1
04-11-2023,521,,,0,4,309,45,11,4,0
05-11-2023,521,,,1,5,310,45,11,4,0
06-11-2023,521,,,2,6,311,45,11,4,0
07-11-2023,678,,Increased due to billing date,3,7,312,45,11,4,0
08-11-2023,521,,,4,8,313,45,11,4,0
09-11-2023,626,,,5,9,314,45,11,4,1
10-11-2023,626,,,6,10,315,45,11,4,1
11-11-2023,522,Veterans Day,,0,11,316,46,11,4,0
12-11-2023,522,,,1,12,317,46,11,4,0
13-11-2023,522,,,2,13,318,46,11,4,0
14-11-2023,522,,,3,14,319,46,11,4,0
15-11-2023,522,,,4,15,320,46,11,4,0
16-11-2023,626,,,5,16,321,46,11,4,1
17-11-2023,626,,,6,17,322,46,11,4,1
18-11-2023,522,,,0,18,323,47,11,4,0
19-11-2023,522,,,1,19,324,47,11,4,0
20-11-2023,522,,,2,20,325,47,11,4,0
21-11-2023,522,,,3,21,326,47,11,4,0
22-11-2023,522,,,4,22,327,47,11,4,0
23-11-2023,627,,,5,23,328,47,11,4,1
24-11-2023,627,,,6,24,329,47,11,4,1
25-11-2023,679,,Increased due to billing date,0,25,330,48,11,4,0
26-11-2023,679,,Increased due to billing date,1,26,331,48,11,4,0
27-11-2023,523,,,2,27,332,48,11,4,0
28-11-2023,544,Thanksgiving,"Decreased due to Thanksgiving, billing date impact",3,28,333,48,11,4,0
29-11-2023,523,,,4,29,334,48,11,4,0
30-11-2023,627,,,5,30,335,48,11,4,1
01-12-2023,628,,,6,1,336,48,12,4,1
02-12-2023,523,,,0,2,337,49,12,4,0
03-12-2023,523,,,1,3,338,49,12,4,0
04-12-2023,523,,,2,4,339,49,12,4,0
05-12-2023,523,,,3,5,340,49,12,4,0
06-12-2023,523,,,4,6,341,49,12,4,0
07-12-2023,816,,Increased due to billing date,5,7,342,49,12,4,1
08-12-2023,628,,,6,8,343,49,12,4,1
09-12-2023,523,,,0,9,344,50,12,4,0
10-12-2023,524,,,1,10,345,50,12,4,0
11-12-2023,524,,,2,11,346,50,12,4,0
12-12-2023,524,,,3,12,347,50,12,4,0
13-12-2023,524,,,4,13,348,50,12,4,0
14-12-2023,629,,,5,14,349,50,12,4,1
15-12-2023,629,,,6,15,350,50,12,4,1
16-12-2023,524,,,0,16,351,51,12,4,0
17-12-2023,524,,,1,17,352,51,12,4,0
18-12-2023,524,,,2,18,353,51,12,4,0
19-12-2023,524,,,3,19,354,51,12,4,0
20-12-2023,524,,,4,20,355,51,12,4,0
21-12-2023,629,,,5,21,356,51,12,4,1
22-12-2023,629,,,6,22,357,51,12,4,1
23-12-2023,524,,,0,23,358,52,12,4,0
24-12-2023,525,,,1,24,359,52,12,4,0
25-12-2023,682,Christmas Day,Increased due to billing date,2,25,360,52,12,4,0
26-12-2023,682,,Increased due to billing date,3,26,361,52,12,4,0
27-12-2023,525,,,4,27,362,52,12,4,0
28-12-2023,819,,Increased due to billing date,5,28,363,52,12,4,1
29-12-2023,630,,,6,29,364,52,12,4,1
30-12-2023,525,,,0,30,365,1,12,4,0
31-12-2023,525,,,1,31,366,1,12,4,0
01-01-2024,420,New Year's Day,Decreased due to New Year's Day,2,1,1,1,1,1,0
02-01-2024,525,,,3,2,2,1,1,1,0
03-01-2024,525,,,4,3,3,1,1,1,0
04-01-2024,630,,,5,4,4,1,1,1,1
05-01-2024,630,,,6,5,5,1,1,1,1
06-01-2024,525,,,0,6,6,2,1,1,0
07-01-2024,683,,Increased due to billing date,1,7,7,2,1,1,0
08-01-2024,526,,,2,8,8,2,1,1,0
09-01-2024,526,,,3,9,9,2,1,1,0
10-01-2024,526,,,4,10,10,2,1,1,0
11-01-2024,631,,,5,11,11,2,1,1,1
12-01-2024,631,,,6,12,12,2,1,1,1
13-01-2024,526,,,0,13,13,3,1,1,0
14-01-2024,526,,,1,14,14,3,1,1,0
15-01-2024,526,,,2,15,15,3,1,1,0
16-01-2024,526,,,3,16,16,3,1,1,0
17-01-2024,,,Missing data (anomaly),4,17,17,3,1,1,0
18-01-2024,631,,,5,18,18,3,1,1,1
19-01-2024,632,,,6,19,19,3,1,1,1
20-01-2024,526,Martin Luther King Jr. Day,,0,20,20,4,1,1,0
21-01-2024,526,,,1,21,21,4,1,1,0
22-01-2024,527,,,2,22,22,4,1,1,0
23-01-2024,527,,,3,23,23,4,1,1,0
24-01-2024,527,,,4,24,24,4,1,1,0
25-01-2024,822,,Increased due to billing date,5,25,25,4,1,1,1
26-01-2024,822,,Increased due to billing date,6,26,26,4,1,1,1
27-01-2024,527,,,0,27,27,5,1,1,0
28-01-2024,685,,Increased due to billing date,1,28,28,5,1,1,0
29-01-2024,527,,,2,29,29,5,1,1,0
30-01-2024,527,,,3,30,30,5,1,1,0
31-01-2024,527,,,4,31,31,5,1,1,0
01-02-2024,633,,,5,1,32,5,2,1,1
02-02-2024,633,,,6,2,33,5,2,1,1
03-02-2024,527,,,0,3,34,6,2,1,0
04-02-2024,527,,,1,4,35,6,2,1,0
05-02-2024,527,,,2,5,36,6,2,1,0
06-02-2024,528,,,3,6,37,6,2,1,0
07-02-2024,686,,Increased due to billing date,4,7,38,6,2,1,0
08-02-2024,633,,,5,8,39,6,2,1,1
09-02-2024,633,,,6,9,40,6,2,1,1
10-02-2024,528,,,0,10,41,7,2,1,0
11-02-2024,528,,,1,11,42,7,2,1,0
12-02-2024,528,,,2,12,43,7,2,1,0
13-02-2024,528,,,3,13,44,7,2,1,0
14-02-2024,436,,Unexpected fluctuation,4,14,45,7,2,1,0
15-02-2024,1214,,Unexpected fluctuation,5,15,46,7,2,1,1
16-02-2024,634,,,6,16,47,7,2,1,1
17-02-2024,528,Washington's Birthday,,0,17,48,8,2,1,0
18-02-2024,528,,,1,18,49,8,2,1,0
19-02-2024,528,,,2,19,50,8,2,1,0
20-02-2024,528,,,3,20,51,8,2,1,0
21-02-2024,529,,,4,21,52,8,2,1,0
22-02-2024,634,,,5,22,53,8,2,1,1
23-02-2024,634,,,6,23,54,8,2,1,1
24-02-2024,529,,,0,24,55,9,2,1,0
25-02-2024,687,,Increased due to billing date,1,25,56,9,2,1,0
26-02-2024,688,,Increased due to billing date,2,26,57,9,2,1,0
27-02-2024,529,,,3,27,58,9,2,1,0
28-02-2024,688,,Increased due to billing date,4,28,59,9,2,1,0
01-03-2024,635,,,5,1,60,9,3,1,1
02-03-2024,635,,,6,2,61,9,3,1,1
03-03-2024,529,,,0,3,62,10,3,1,0
04-03-2024,529,,,1,4,63,10,3,1,0
05-03-2024,529,,,2,5,64,10,3,1,0
06-03-2024,529,,,3,6,65,10,3,1,0
07-03-2024,688,,Increased due to billing date,4,7,66,10,3,1,0
08-03-2024,636,,,5,8,67,10,3,1,1
09-03-2024,636,,,6,9,68,10,3,1,1
10-03-2024,530,,,0,10,69,11,3,1,0
11-03-2024,530,,,1,11,70,11,3,1,0
12-03-2024,530,,,2,12,71,11,3,1,0
13-03-2024,530,,,3,13,72,11,3,1,0
14-03-2024,530,,,4,14,73,11,3,1,0
15-03-2024,636,,,5,15,74,11,3,1,1
16-03-2024,636,,,6,16,75,11,3,1,1
17-03-2024,530,,,0,17,76,12,3,1,0
18-03-2024,530,,,1,18,77,12,3,1,0
19-03-2024,530,,,2,19,78,12,3,1,0
20-03-2024,530,,,3,20,79,12,3,1,0
21-03-2024,530,,,4,21,80,12,3,1,0
22-03-2024,637,,,5,22,81,12,3,1,1
23-03-2024,637,,,6,23,82,12,3,1,1
24-03-2024,531,,,0,24,83,13,3,1,0
25-03-2024,690,,Increased due to billing date,1,25,84,13,3,1,0
26-03-2024,690,,Increased due to billing date,2,26,85,13,3,1,0
27-03-2024,531,,,3,27,86,13,3,1,0
28-03-2024,690,,Increased due to billing date,4,28,87,13,3,1,0
29-03-2024,637,,,5,29,88,13,3,1,1
30-03-2024,637,,,6,30,89,13,3,1,1
31-03-2024,531,,,0,31,90,14,3,1,0
01-04-2024,531,,,1,1,91,14,4,2,0
02-04-2024,531,,,2,2,92,14,4,2,0
03-04-2024,531,,,3,3,93,14,4,2,0
04-04-2024,531,,,4,4,94,14,4,2,0
05-04-2024,638,,,5,5,95,14,4,2,1
06-04-2024,638,,,6,6,96,14,4,2,1
07-04-2024,691,,Increased due to billing date,0,7,97,15,4,2,0
08-04-2024,532,,,1,8,98,15,4,2,0
09-04-2024,532,,,2,9,99,15,4,2,0
10-04-2024,532,,,3,10,100,15,4,2,0
11-04-2024,532,,,4,11,101,15,4,2,0
12-04-2024,638,,,5,12,102,15,4,2,1
13-04-2024,638,,,6,13,103,15,4,2,1
14-04-2024,532,,,0,14,104,16,4,2,0
15-04-2024,532,,,1,15,105,16,4,2,0
16-04-2024,532,,,2,16,106,16,4,2,0
17-04-2024,532,,,3,17,107,16,4,2,0
18-04-2024,532,,,4,18,108,16,4,2,0
19-04-2024,639,,,5,19,109,16,4,2,1
20-04-2024,639,,,6,20,110,16,4,2,1
21-04-2024,533,,,0,21,111,17,4,2,0
22-04-2024,533,,,1,22,112,17,4,2,0
23-04-2024,533,,,2,23,113,17,4,2,0
24-04-2024,533,,,3,24,114,17,4,2,0
25-04-2024,693,,Increased due to billing date,4,25,115,17,4,2,0
26-04-2024,831,,Increased due to billing date,5,26,116,17,4,2,1
27-04-2024,640,,,6,27,117,17,4,2,1
28-04-2024,693,,Increased due to billing date,0,28,118,18,4,2,0
29-04-2024,533,,,1,29,119,18,4,2,0
30-04-2024,533,,,2,30,120,18,4,2,0
01-05-2024,533,,,3,1,121,18,5,2,0
02-05-2024,533,,,4,2,122,18,5,2,0
03-05-2024,640,,,5,3,123,18,5,2,1
04-05-2024,640,,,6,4,124,18,5,2,1
05-05-2024,534,,,0,5,125,19,5,2,0
06-05-2024,534,,,1,6,126,19,5,2,0
07-05-2024,694,,Increased due to billing date,2,7,127,19,5,2,0
08-05-2024,534,,,3,8,128,19,5,2,0
09-05-2024,534,,,4,9,129,19,5,2,0
10-05-2024,641,,,5,10,130,19,5,2,1
11-05-2024,641,,,6,11,131,19,5,2,1
12-05-2024,534,,,0,12,132,20,5,2,0
13-05-2024,534,,,1,13,133,20,5,2,0
14-05-2024,534,,,2,14,134,20,5,2,0
15-05-2024,534,,,3,15,135,20,5,2,0
16-05-2024,534,,,4,16,136,20,5,2,0
17-05-2024,641,,,5,17,137,20,5,2,1
18-05-2024,628,,Unexpected fluctuation,6,18,138,20,5,2,1
19-05-2024,535,,,0,19,139,21,5,2,0
20-05-2024,655,,Unexpected fluctuation,1,20,140,21,5,2,0
21-05-2024,535,,,2,21,141,21,5,2,0
22-05-2024,535,,,3,22,142,21,5,2,0
23-05-2024,535,,,4,23,143,21,5,2,0
24-05-2024,642,,,5,24,144,21,5,2,1
25-05-2024,834,,Increased due to billing date,6,25,145,21,5,2,1
26-05-2024,696,Memorial Day,Increased due to billing date,0,26,146,22,5,2,0
27-05-2024,535,,,1,27,147,22,5,2,0
28-05-2024,696,,Increased due to billing date,2,28,148,22,5,2,0
29-05-2024,535,,,3,29,149,22,5,2,0
30-05-2024,535,,,4,30,150,22,5,2,0
31-05-2024,642,,,5,31,151,22,5,2,1
01-06-2024,642,,,6,1,152,22,6,2,1
02-06-2024,535,,,0,2,153,23,6,2,0
03-06-2024,536,,,1,3,154,23,6,2,0
04-06-2024,536,,,2,4,155,23,6,2,0
05-06-2024,,,Missing data (anomaly),3,5,156,23,6,2,0
06-06-2024,999,,Unexpected fluctuation,4,6,157,23,6,2,0
07-06-2024,836,,Increased due to billing date,5,7,158,23,6,2,1
08-06-2024,643,,,6,8,159,23,6,2,1
09-06-2024,536,,,0,9,160,24,6,2,0
10-06-2024,536,,,1,10,161,24,6,2,0
11-06-2024,536,,,2,11,162,24,6,2,0
12-06-2024,536,,,3,12,163,24,6,2,0
13-06-2024,536,,,4,13,164,24,6,2,0
14-06-2024,644,,,5,14,165,24,6,2,1
15-06-2024,644,,,6,15,166,24,6,2,1
16-06-2024,536,,,0,16,167,25,6,2,0
17-06-2024,537,,,1,17,168,25,6,2,0
18-06-2024,537,,,2,18,169,25,6,2,0
19-06-2024,537,Juneteenth National Independence Day,,3,19,170,25,6,2,0
20-06-2024,537,,,4,20,171,25,6,2,0
21-06-2024,644,,,5,21,172,25,6,2,1
22-06-2024,644,,,6,22,173,25,6,2,1
23-06-2024,537,,,0,23,174,26,6,2,0
24-06-2024,537,,,1,24,175,26,6,2,0
25-06-2024,698,,Increased due to billing date,2,25,176,26,6,2,0
26-06-2024,698,,Increased due to billing date,3,26,177,26,6,2,0
27-06-2024,537,,,4,27,178,26,6,2,0
28-06-2024,838,,Increased due to billing date,5,28,179,26,6,2,1
29-06-2024,645,,,6,29,180,26,6,2,1
30-06-2024,537,,,0,30,181,27,6,2,0
01-07-2024,537,,,1,1,182,27,7,3,0
02-07-2024,538,,,2,2,183,27,7,3,0
03-07-2024,538,,,3,3,184,27,7,3,0
04-07-2024,430,Independence Day,Decreased due to Independence Day,4,4,185,27,7,3,0
05-07-2024,645,,,5,5,186,27,7,3,1
06-07-2024,645,,,6,6,187,27,7,3,1
07-07-2024,,,Missing data (anomaly),0,7,188,28,7,3,0
08-07-2024,538,,,1,8,189,28,7,3,0
09-07-2024,538,,,2,9,190,28,7,3,0
10-07-2024,538,,,3,10,191,28,7,3,0
11-07-2024,538,,,4,11,192,28,7,3,0
12-07-2024,646,,,5,12,193,28,7,3,1
13-07-2024,646,,,6,13,194,28,7,3,1
14-07-2024,538,,,0,14,195,29,7,3,0
15-07-2024,538,,,1,15,196,29,7,3,0
16-07-2024,538,,,2,16,197,29,7,3,0
17-07-2024,539,,,3,17,198,29,7,3,0
18-07-2024,539,,,4,18,199,29,7,3,0
19-07-2024,646,,,5,19,200,29,7,3,1
20-07-2024,647,,,6,20,201,29,7,3,1
21-07-2024,539,,,0,21,202,30,7,3,0
22-07-2024,539,,,1,22,203,30,7,3,0
23-07-2024,539,,,2,23,204,30,7,3,0
24-07-2024,539,,,3,24,205,30,7,3,0
25-07-2024,701,,Increased due to billing date,4,25,206,30,7,3,0
26-07-2024,841,,Increased due to billing date,5,26,207,30,7,3,1
27-07-2024,647,,,6,27,208,30,7,3,1
28-07-2024,701,,Increased due to billing date,0,28,209,31,7,3,0
29-07-2024,539,,,1,29,210,31,7,3,0
30-07-2024,539,,,2,30,211,31,7,3,0
31-07-2024,540,,,3,31,212,31,7,3,0
01-08-2024,540,,,4,1,213,31,8,3,0
02-08-2024,648,,,5,2,214,31,8,3,1
03-08-2024,648,,,6,3,215,31,8,3,1
04-08-2024,466,,Unexpected fluctuation,0,4,216,32,8,3,0
05-08-2024,540,,,1,5,217,32,8,3,0
06-08-2024,540,,,2,6,218,32,8,3,0
07-08-2024,702,,Increased due to billing date,3,7,219,32,8,3,0
08-08-2024,540,,,4,8,220,32,8,3,0
09-08-2024,648,,,5,9,221,32,8,3,1
10-08-2024,648,,,6,10,222,32,8,3,1
11-08-2024,540,,,0,11,223,33,8,3,0
12-08-2024,540,,,1,12,224,33,8,3,0
13-08-2024,540,,,2,13,225,33,8,3,0
14-08-2024,540,,,3,14,226,33,8,3,0
15-08-2024,541,,,4,15,227,33,8,3,0
16-08-2024,649,,,5,16,228,33,8,3,1
17-08-2024,649,,,6,17,229,33,8,3,1
18-08-2024,541,,,0,18,230,34,8,3,0
19-08-2024,541,,,1,19,231,34,8,3,0
20-08-2024,541,,,2,20,232,34,8,3,0
21-08-2024,541,,,3,21,233,34,8,3,0
22-08-2024,541,,,4,22,234,34,8,3,0
23-08-2024,649,,,5,23,235,34,8,3,1
24-08-2024,649,,,6,24,236,34,8,3,1
25-08-2024,704,,Increased due to billing date,0,25,237,35,8,3,0
26-08-2024,704,,Increased due to billing date,1,26,238,35,8,3,0
27-08-2024,541,,,2,27,239,35,8,3,0
28-08-2024,,,Missing data (anomaly),3,28,240,35,8,3,0
29-08-2024,542,,,4,29,241,35,8,3,0
30-08-2024,650,,,5,30,242,35,8,3,1
31-08-2024,650,,,6,31,243,35,8,3,1
01-09-2024,542,Labor Day,,0,1,244,36,9,3,0
02-09-2024,542,,,1,2,245,36,9,3,0
03-09-2024,542,,,2,3,246,36,9,3,0
04-09-2024,542,,,3,4,247,36,9,3,0
05-09-2024,542,,,4,5,248,36,9,3,0
06-09-2024,650,,,5,6,249,36,9,3,1
07-09-2024,,,Missing data (anomaly),6,7,250,36,9,3,1
08-09-2024,542,,,0,8,251,37,9,3,0
09-09-2024,542,,,1,9,252,37,9,3,0
10-09-2024,542,,,2,10,253,37,9,3,0
11-09-2024,542,,,3,11,254,37,9,3,0
12-09-2024,542,,,4,12,255,37,9,3,0
13-09-2024,651,,,5,13,256,37,9,3,1
14-09-2024,651,,,6,14,257,37,9,3,1
15-09-2024,543,,,0,15,258,38,9,3,0
16-09-2024,543,,,1,16,259,38,9,3,0
17-09-2024,543,,,2,17,260,38,9,3,0
18-09-2024,543,,,3,18,261,38,9,3,0
19-09-2024,543,,,4,19,262,38,9,3,0
20-09-2024,652,,,5,20,263,38,9,3,1
21-09-2024,504,,Unexpected fluctuation,6,21,264,38,9,3,1
22-09-2024,543,,,0,22,265,39,9,3,0
23-09-2024,543,,,1,23,266,39,9,3,0
24-09-2024,543,,,2,24,267,39,9,3,0
25-09-2024,706,,Increased due to billing date,3,25,268,39,9,3,0
26-09-2024,706,,Increased due to billing date,4,26,269,39,9,3,0
27-09-2024,652,,,5,27,270,39,9,3,1
28-09-2024,848,,Increased due to billing date,6,28,271,39,9,3,1
29-09-2024,544,,,0,29,272,40,9,3,0
30-09-2024,544,,,1,30,273,40,9,3,0
01-10-2024,544,,,2,1,274,40,10,4,0
02-10-2024,544,,,3,2,275,40,10,4,0
03-10-2024,366,,Unexpected fluctuation,4,3,276,40,10,4,0
04-10-2024,653,,,5,4,277,40,10,4,1
05-10-2024,653,,,6,5,278,40,10,4,1
06-10-2024,,,Missing data (anomaly),0,6,279,41,10,4,0
07-10-2024,707,,Increased due to billing date,1,7,280,41,10,4,0
08-10-2024,756,,Unexpected fluctuation,2,8,281,41,10,4,0
09-10-2024,544,,,3,9,282,41,10,4,0
10-10-2024,609,,Unexpected fluctuation,4,10,283,41,10,4,0
11-10-2024,653,,,5,11,284,41,10,4,1
12-10-2024,653,,,6,12,285,41,10,4,1
13-10-2024,545,Columbus Day,,0,13,286,42,10,4,0
14-10-2024,545,,,1,14,287,42,10,4,0
15-10-2024,545,,,2,15,288,42,10,4,0
16-10-2024,,,Missing data (anomaly),3,16,289,42,10,4,0
17-10-2024,545,,,4,17,290,42,10,4,0
18-10-2024,654,,,5,18,291,42,10,4,1
19-10-2024,654,,,6,19,292,42,10,4,1
20-10-2024,545,,,0,20,293,43,10,4,0
21-10-2024,545,,,1,21,294,43,10,4,0
22-10-2024,545,,,2,22,295,43,10,4,0
23-10-2024,545,,,3,23,296,43,10,4,0
24-10-2024,545,,,4,24,297,43,10,4,0
25-10-2024,851,,Increased due to billing date,5,25,298,43,10,4,1
26-10-2024,851,,Increased due to billing date,6,26,299,43,10,4,1
27-10-2024,546,,,0,27,300,44,10,4,0
28-10-2024,709,,Increased due to billing date,1,28,301,44,10,4,0
29-10-2024,546,,,2,29,302,44,10,4,0
30-10-2024,546,,,3,30,303,44,10,4,0
31-10-2024,546,,,4,31,304,44,10,4,0
01-11-2024,655,,,5,1,305,44,11,4,1
02-11-2024,655,,,6,2,306,44,11,4,1
03-11-2024,546,,,0,3,307,45,11,4,0
04-11-2024,546,,,1,4,308,45,11,4,0
05-11-2024,546,,,2,5,309,45,11,4,0
06-11-2024,546,,,3,6,310,45,11,4,0
07-11-2024,710,,Increased due to billing date,4,7,311,45,11,4,0
08-11-2024,656,,,5,8,312,45,11,4,1
09-11-2024,656,,,6,9,313,45,11,4,1
10-11-2024,547,,,0,10,314,46,11,4,0
11-11-2024,547,Veterans Day,,1,11,315,46,11,4,0
12-11-2024,547,,,2,12,316,46,11,4,0
13-11-2024,547,,,3,13,317,46,11,4,0
14-11-2024,547,,,4,14,318,46,11,4,0
15-11-2024,656,,,5,15,319,46,11,4,1
16-11-2024,656,,,6,16,320,46,11,4,1
17-11-2024,547,,,0,17,321,47,11,4,0
18-11-2024,547,,,1,18,322,47,11,4,0
19-11-2024,547,,,2,19,323,47,11,4,0
20-11-2024,547,,,3,20,324,47,11,4,0
21-11-2024,547,,,4,21,325,47,11,4,0
22-11-2024,657,,,5,22,326,47,11,4,1
23-11-2024,657,,,6,23,327,47,11,4,1
24-11-2024,547,,,0,24,328,48,11,4,0
25-11-2024,712,,Increased due to billing date,1,25,329,48,11,4,0
26-11-2024,712,,Increased due to billing date,2,26,330,48,11,4,0
27-11-2024,438,Thanksgiving,Decreased due to Thanksgiving,3,27,331,48,11,4,0
28-11-2024,1380,,"Increased due to billing date, unexpected fluctuation",4,28,332,48,11,4,0
29-11-2024,657,,,5,29,333,48,11,4,1
30-11-2024,657,,,6,30,334,48,11,4,1
01-12-2024,548,,,0,1,335,49,12,4,0
02-12-2024,548,,,1,2,336,49,12,4,0
03-12-2024,548,,,2,3,337,49,12,4,0
04-12-2024,548,,,3,4,338,49,12,4,0
05-12-2024,548,,,4,5,339,49,12,4,0
06-12-2024,658,,,5,6,340,49,12,4,1
07-12-2024,855,,Increased due to billing date,6,7,341,49,12,4,1
08-12-2024,548,,,0,8,342,50,12,4,0
09-12-2024,548,,,1,9,343,50,12,4,0
10-12-2024,549,,,2,10,344,50,12,4,0
11-12-2024,549,,,3,11,345,50,12,4,0
12-12-2024,549,,,4,12,346,50,12,4,0
13-12-2024,659,,,5,13,347,50,12,4,1
14-12-2024,659,,,6,14,348,50,12,4,1
15-12-2024,549,,,0,15,349,51,12,4,0
16-12-2024,549,,,1,16,350,51,12,4,0
17-12-2024,549,,,2,17,351,51,12,4,0
18-12-2024,549,,,3,18,352,51,12,4,0
19-12-2024,549,,,4,19,353,51,12,4,0
20-12-2024,659,,,5,20,354,51,12,4,1
21-12-2024,659,,,6,21,355,51,12,4,1
22-12-2024,549,,,0,22,356,52,12,4,0
23-12-2024,549,,,1,23,357,52,12,4,0
24-12-2024,550,,,2,24,358,52,12,4,0
25-12-2024,714,Christmas Day,Increased due to billing date,3,25,359,52,12,4,0
26-12-2024,715,,Increased due to billing date,4,26,360,52,12,4,0
27-12-2024,660,,,5,27,361,52,12,4,1
28-12-2024,858,,Increased due to billing date,6,28,362,52,12,4,1
29-12-2024,550,,,0,29,363,1,12,4,0
30-12-2024,550,,,1,30,364,1,12,4,0
31-12-2024,550,,,2,31,365,1,12,4,0
