Unnamed: 0,Date,Call Volume,U.S. Holiday Indicator,Call Volume Impact,Day of Week,Day of Month,Day of Year,Week of Year,Month,Quarter,Is Weekend
0,2023-01-01,400.0,New Year's Day,Decreased due to New Year's Day,0,1,1,1,1,1,0
1,2023-01-02,500.0,,,1,2,2,1,1,1,0
2,2023-01-03,500.0,,,2,3,3,1,1,1,0
3,2023-01-04,500.0,,,3,4,4,1,1,1,0
4,2023-01-05,500.0,,,4,5,5,1,1,1,0
5,2023-01-06,600.0,,,5,6,6,1,1,1,1
6,2023-01-07,781.0,,Increased due to billing date,6,7,7,1,1,1,1
7,2023-01-08,500.0,,,0,8,8,2,1,1,0
8,2023-01-09,501.0,,,1,9,9,2,1,1,0
9,2023-01-10,501.0,,,2,10,10,2,1,1,0
10,2023-01-11,501.0,,,3,11,11,2,1,1,0
11,2023-01-12,501.0,,,4,12,12,2,1,1,0
12,2023-01-13,601.0,,,5,13,13,2,1,1,1
13,2023-01-14,601.0,,,6,14,14,2,1,1,1
14,2023-01-15,501.0,Martin Luther King Jr. Day,,0,15,15,3,1,1,0
15,2023-01-16,501.0,,,1,16,16,3,1,1,0
16,2023-01-17,502.0,,Unexpected fluctuation,2,17,17,3,1,1,0
17,2023-01-18,501.0,,,3,18,18,3,1,1,0
18,2023-01-19,501.0,,,4,19,19,3,1,1,0
19,2023-01-20,602.0,,,5,20,20,3,1,1,1
20,2023-01-21,602.0,,,6,21,21,3,1,1,1
21,2023-01-22,501.0,,,0,22,22,4,1,1,0
22,2023-01-23,502.0,,,1,23,23,4,1,1,0
23,2023-01-24,502.0,,,2,24,24,4,1,1,0
24,2023-01-25,652.0,,Increased due to billing date,3,25,25,4,1,1,0
25,2023-01-26,652.0,,Increased due to billing date,4,26,26,4,1,1,0
26,2023-01-27,602.0,,,5,27,27,4,1,1,1
27,2023-01-28,783.0,,Increased due to billing date,6,28,28,4,1,1,1
28,2023-01-29,502.0,,,0,29,29,5,1,1,0
29,2023-01-30,502.0,,,1,30,30,5,1,1,0
30,2023-01-31,502.0,,,2,31,31,5,1,1,0
31,2023-02-01,502.0,,,3,1,32,5,2,1,0
32,2023-02-02,490.0,,Unexpected fluctuation,4,2,33,5,2,1,0
33,2023-02-03,603.0,,,5,3,34,5,2,1,1
34,2023-02-04,603.0,,,6,4,35,5,2,1,1
35,2023-02-05,502.0,,,0,5,36,6,2,1,0
36,2023-02-06,502.0,,,1,6,37,6,2,1,0
37,2023-02-07,653.0,,Increased due to billing date,2,7,38,6,2,1,0
38,2023-02-08,503.0,,,3,8,39,6,2,1,0
39,2023-02-09,503.0,,,4,9,40,6,2,1,0
40,2023-02-10,603.0,,,5,10,41,6,2,1,1
41,2023-02-11,603.0,,,6,11,42,6,2,1,1
42,2023-02-12,503.0,,,0,12,43,7,2,1,0
43,2023-02-13,503.0,,,1,13,44,7,2,1,0
44,2023-02-14,503.0,,,2,14,45,7,2,1,0
45,2023-02-15,503.0,,,3,15,46,7,2,1,0
46,2023-02-16,503.0,,,4,16,47,7,2,1,0
47,2023-02-17,604.0,,,5,17,48,7,2,1,1
48,2023-02-18,604.0,,,6,18,49,7,2,1,1
49,2023-02-19,503.0,Washington's Birthday,,0,19,50,8,2,1,0
50,2023-02-20,503.0,,,1,20,51,8,2,1,0
51,2023-02-21,503.0,,,2,21,52,8,2,1,0
52,2023-02-22,504.0,,,3,22,53,8,2,1,0
53,2023-02-23,504.0,,,4,23,54,8,2,1,0
54,2023-02-24,448.0,,Unexpected fluctuation,5,24,55,8,2,1,1
55,2023-02-25,786.0,,Increased due to billing date,6,25,56,8,2,1,1
56,2023-02-26,655.0,,Increased due to billing date,0,26,57,9,2,1,0
57,2023-02-27,504.0,,,1,27,58,9,2,1,0
58,2023-02-28,655.0,,Increased due to billing date,2,28,59,9,2,1,0
59,2023-02-28,504.0,,,3,29,60,9,2,1,0
60,2023-03-01,504.0,,,4,1,61,9,3,1,0
61,2023-03-02,605.0,,,5,2,62,9,3,1,1
62,2023-03-03,767.0,,Unexpected fluctuation,6,3,63,9,3,1,1
63,2023-03-04,504.0,,,0,4,64,10,3,1,0
64,2023-03-05,504.0,,,1,5,65,10,3,1,0
65,2023-03-06,504.0,,,2,6,66,10,3,1,0
66,2023-03-07,656.0,,Increased due to billing date,3,7,67,10,3,1,0
67,2023-03-08,576.0,,Unexpected fluctuation,4,8,68,10,3,1,0
68,2023-03-09,606.0,,,5,9,69,10,3,1,1
69,2023-03-10,606.0,,,6,10,70,10,3,1,1
70,2023-03-11,505.0,,,0,11,71,11,3,1,0
71,2023-03-12,505.0,,,1,12,72,11,3,1,0
72,2023-03-13,505.0,,,2,13,73,11,3,1,0
73,2023-03-14,,,Missing data (anomaly),3,14,74,11,3,1,0
74,2023-03-15,505.0,,,4,15,75,11,3,1,0
75,2023-03-16,606.0,,,5,16,76,11,3,1,1
76,2023-03-17,606.0,,,6,17,77,11,3,1,1
77,2023-03-18,505.0,,,0,18,78,12,3,1,0
78,2023-03-19,505.0,,,1,19,79,12,3,1,0
79,2023-03-20,505.0,,,2,20,80,12,3,1,0
80,2023-03-21,505.0,,,3,21,81,12,3,1,0
81,2023-03-22,506.0,,,4,22,82,12,3,1,0
82,2023-03-23,607.0,,,5,23,83,12,3,1,1
83,2023-03-24,607.0,,,6,24,84,12,3,1,1
84,2023-03-25,657.0,,Increased due to billing date,0,25,85,13,3,1,0
85,2023-03-26,658.0,,Increased due to billing date,1,26,86,13,3,1,0
86,2023-03-27,735.0,,Unexpected fluctuation,2,27,87,13,3,1,0
87,2023-03-28,658.0,,Increased due to billing date,3,28,88,13,3,1,0
88,2023-03-29,506.0,,,4,29,89,13,3,1,0
89,2023-03-30,607.0,,,5,30,90,13,3,1,1
90,2023-03-31,607.0,,,6,31,91,13,3,1,1
91,2023-04-01,506.0,,,0,1,92,14,4,2,0
92,2023-04-02,506.0,,,1,2,93,14,4,2,0
93,2023-04-03,506.0,,,2,3,94,14,4,2,0
94,2023-04-04,506.0,,,3,4,95,14,4,2,0
95,2023-04-05,507.0,,,4,5,96,14,4,2,0
96,2023-04-06,608.0,,,5,6,97,14,4,2,1
97,2023-04-07,790.0,,Increased due to billing date,6,7,98,14,4,2,1
98,2023-04-08,507.0,,,0,8,99,15,4,2,0
99,2023-04-09,507.0,,,1,9,100,15,4,2,0
100,2023-04-10,507.0,,,2,10,101,15,4,2,0
101,2023-04-11,507.0,,,3,11,102,15,4,2,0
102,2023-04-12,507.0,,,4,12,103,15,4,2,0
103,2023-04-13,608.0,,,5,13,104,15,4,2,1
104,2023-04-14,609.0,,,6,14,105,15,4,2,1
105,2023-04-15,493.0,,Unexpected fluctuation,0,15,106,16,4,2,0
106,2023-04-16,507.0,,,1,16,107,16,4,2,0
107,2023-04-17,507.0,,,2,17,108,16,4,2,0
108,2023-04-18,507.0,,,3,18,109,16,4,2,0
109,2023-04-19,507.0,,,4,19,110,16,4,2,0
110,2023-04-20,609.0,,,5,20,111,16,4,2,1
111,2023-04-21,609.0,,,6,21,112,16,4,2,1
112,2023-04-22,508.0,,,0,22,113,17,4,2,0
113,2023-04-23,508.0,,,1,23,114,17,4,2,0
114,2023-04-24,508.0,,,2,24,115,17,4,2,0
115,2023-04-25,660.0,,Increased due to billing date,3,25,116,17,4,2,0
116,2023-04-26,660.0,,Increased due to billing date,4,26,117,17,4,2,0
117,2023-04-27,610.0,,,5,27,118,17,4,2,1
118,2023-04-28,793.0,,Increased due to billing date,6,28,119,17,4,2,1
119,2023-04-29,508.0,,,0,29,120,18,4,2,0
120,2023-04-30,508.0,,,1,30,121,18,4,2,0
121,2023-05-01,508.0,,,2,1,122,18,5,2,0
122,2023-05-02,508.0,,,3,2,123,18,5,2,0
123,2023-05-03,508.0,,,4,3,124,18,5,2,0
124,2023-05-04,610.0,,,5,4,125,18,5,2,1
125,2023-05-05,610.0,,,6,5,126,18,5,2,1
126,2023-05-06,509.0,,,0,6,127,19,5,2,0
127,2023-05-07,,,Missing data (anomaly),1,7,128,19,5,2,0
128,2023-05-08,509.0,,,2,8,129,19,5,2,0
129,2023-05-09,509.0,,,3,9,130,19,5,2,0
130,2023-05-10,509.0,,,4,10,131,19,5,2,0
131,2023-05-11,611.0,,,5,11,132,19,5,2,1
132,2023-05-12,611.0,,,6,12,133,19,5,2,1
133,2023-05-13,509.0,,,0,13,134,20,5,2,0
134,2023-05-14,509.0,,,1,14,135,20,5,2,0
135,2023-05-15,509.0,,,2,15,136,20,5,2,0
136,2023-05-16,509.0,,,3,16,137,20,5,2,0
137,2023-05-17,509.0,,,4,17,138,20,5,2,0
138,2023-05-18,611.0,,,5,18,139,20,5,2,1
139,2023-05-19,611.0,,,6,19,140,20,5,2,1
140,2023-05-20,510.0,,,0,20,141,21,5,2,0
141,2023-05-21,510.0,,,1,21,142,21,5,2,0
142,2023-05-22,510.0,,,2,22,143,21,5,2,0
143,2023-05-23,510.0,,,3,23,144,21,5,2,0
144,2023-05-24,510.0,,,4,24,145,21,5,2,0
145,2023-05-25,795.0,,Increased due to billing date,5,25,146,21,5,2,1
146,2023-05-26,796.0,,Increased due to billing date,6,26,147,21,5,2,1
147,2023-05-27,510.0,Memorial Day,,0,27,148,22,5,2,0
148,2023-05-28,663.0,,Increased due to billing date,1,28,149,22,5,2,0
149,2023-05-29,510.0,,,2,29,150,22,5,2,0
150,2023-05-30,510.0,,,3,30,151,22,5,2,0
151,2023-05-31,510.0,,,4,31,152,22,5,2,0
152,2023-06-01,612.0,,,5,1,153,22,6,2,1
153,2023-06-02,1125.0,,Unexpected fluctuation,6,2,154,22,6,2,1
154,2023-06-03,511.0,,,0,3,155,23,6,2,0
155,2023-06-04,511.0,,,1,4,156,23,6,2,0
156,2023-06-05,511.0,,,2,5,157,23,6,2,0
157,2023-06-06,511.0,,,3,6,158,23,6,2,0
158,2023-06-07,664.0,,Increased due to billing date,4,7,159,23,6,2,0
159,2023-06-08,613.0,,,5,8,160,23,6,2,1
160,2023-06-09,398.0,,Unexpected fluctuation,6,9,161,23,6,2,1
161,2023-06-10,511.0,,,0,10,162,24,6,2,0
162,2023-06-11,511.0,,,1,11,163,24,6,2,0
163,2023-06-12,511.0,,,2,12,164,24,6,2,0
164,2023-06-13,511.0,,,3,13,165,24,6,2,0
165,2023-06-14,511.0,,,4,14,166,24,6,2,0
166,2023-06-15,614.0,,,5,15,167,24,6,2,1
167,2023-06-16,614.0,,,6,16,168,24,6,2,1
168,2023-06-17,512.0,,,0,17,169,25,6,2,0
169,2023-06-18,702.0,,Unexpected fluctuation,1,18,170,25,6,2,0
170,2023-06-19,512.0,Juneteenth National Independence Day,,2,19,171,25,6,2,0
171,2023-06-20,512.0,,,3,20,172,25,6,2,0
172,2023-06-21,512.0,,,4,21,173,25,6,2,0
173,2023-06-22,614.0,,,5,22,174,25,6,2,1
174,2023-06-23,614.0,,,6,23,175,25,6,2,1
175,2023-06-24,512.0,,,0,24,176,26,6,2,0
176,2023-06-25,666.0,,Increased due to billing date,1,25,177,26,6,2,0
177,2023-06-26,666.0,,Increased due to billing date,2,26,178,26,6,2,0
178,2023-06-27,512.0,,,3,27,179,26,6,2,0
179,2023-06-28,666.0,,Increased due to billing date,4,28,180,26,6,2,0
180,2023-06-29,615.0,,,5,29,181,26,6,2,1
181,2023-06-30,615.0,,,6,30,182,26,6,2,1
182,2023-07-01,512.0,,,0,1,183,27,7,3,0
183,2023-07-02,513.0,,,1,2,184,27,7,3,0
184,2023-07-03,513.0,,,2,3,185,27,7,3,0
185,2023-07-04,410.0,Independence Day,Decreased due to Independence Day,3,4,186,27,7,3,0
186,2023-07-05,513.0,,,4,5,187,27,7,3,0
187,2023-07-06,615.0,,,5,6,188,27,7,3,1
188,2023-07-07,800.0,,Increased due to billing date,6,7,189,27,7,3,1
189,2023-07-08,513.0,,,0,8,190,28,7,3,0
190,2023-07-09,513.0,,,1,9,191,28,7,3,0
191,2023-07-10,513.0,,,2,10,192,28,7,3,0
192,2023-07-11,513.0,,,3,11,193,28,7,3,0
193,2023-07-12,513.0,,,4,12,194,28,7,3,0
194,2023-07-13,,,Missing data (anomaly),5,13,195,28,7,3,1
195,2023-07-14,616.0,,,6,14,196,28,7,3,1
196,2023-07-15,513.0,,,0,15,197,29,7,3,0
197,2023-07-16,513.0,,,1,16,198,29,7,3,0
198,2023-07-17,514.0,,,2,17,199,29,7,3,0
199,2023-07-18,514.0,,,3,18,200,29,7,3,0
200,2023-07-19,514.0,,,4,19,201,29,7,3,0
201,2023-07-20,617.0,,,5,20,202,29,7,3,1
202,2023-07-21,617.0,,,6,21,203,29,7,3,1
203,2023-07-22,514.0,,,0,22,204,30,7,3,0
204,2023-07-23,514.0,,,1,23,205,30,7,3,0
205,2023-07-24,514.0,,,2,24,206,30,7,3,0
206,2023-07-25,668.0,,Increased due to billing date,3,25,207,30,7,3,0
207,2023-07-26,668.0,,Increased due to billing date,4,26,208,30,7,3,0
208,2023-07-27,,,Missing data (anomaly),5,27,209,30,7,3,1
209,2023-07-28,802.0,,Increased due to billing date,6,28,210,30,7,3,1
210,2023-07-29,514.0,,,0,29,211,31,7,3,0
211,2023-07-30,514.0,,,1,30,212,31,7,3,0
212,2023-07-31,515.0,,,2,31,213,31,7,3,0
213,2023-08-01,515.0,,,3,1,214,31,8,3,0
214,2023-08-02,515.0,,,4,2,215,31,8,3,0
215,2023-08-03,618.0,,,5,3,216,31,8,3,1
216,2023-08-04,618.0,,,6,4,217,31,8,3,1
217,2023-08-05,515.0,,,0,5,218,32,8,3,0
218,2023-08-06,515.0,,,1,6,219,32,8,3,0
219,2023-08-07,670.0,,Increased due to billing date,2,7,220,32,8,3,0
220,2023-08-08,515.0,,,3,8,221,32,8,3,0
221,2023-08-09,515.0,,,4,9,222,32,8,3,0
222,2023-08-10,618.0,,,5,10,223,32,8,3,1
223,2023-08-11,618.0,,,6,11,224,32,8,3,1
224,2023-08-12,515.0,,,0,12,225,33,8,3,0
225,2023-08-13,515.0,,,1,13,226,33,8,3,0
226,2023-08-14,515.0,,,2,14,227,33,8,3,0
227,2023-08-15,516.0,,,3,15,228,33,8,3,0
228,2023-08-16,516.0,,,4,16,229,33,8,3,0
229,2023-08-17,619.0,,,5,17,230,33,8,3,1
230,2023-08-18,619.0,,,6,18,231,33,8,3,1
231,2023-08-19,516.0,,,0,19,232,34,8,3,0
232,2023-08-20,516.0,,,1,20,233,34,8,3,0
233,2023-08-21,516.0,,,2,21,234,34,8,3,0
234,2023-08-22,516.0,,,3,22,235,34,8,3,0
235,2023-08-23,516.0,,,4,23,236,34,8,3,0
236,2023-08-24,619.0,,,5,24,237,34,8,3,1
237,2023-08-25,805.0,,Increased due to billing date,6,25,238,34,8,3,1
238,2023-08-26,671.0,,Increased due to billing date,0,26,239,35,8,3,0
239,2023-08-27,516.0,,,1,27,240,35,8,3,0
240,2023-08-28,671.0,,Increased due to billing date,2,28,241,35,8,3,0
241,2023-08-29,517.0,,,3,29,242,35,8,3,0
242,2023-08-30,517.0,,,4,30,243,35,8,3,0
243,2023-08-31,620.0,,,5,31,244,35,8,3,1
244,2023-09-01,620.0,,,6,1,245,35,9,3,1
245,2023-09-02,517.0,Labor Day,,0,2,246,36,9,3,0
246,2023-09-03,517.0,,,1,3,247,36,9,3,0
247,2023-09-04,517.0,,,2,4,248,36,9,3,0
248,2023-09-05,517.0,,,3,5,249,36,9,3,0
249,2023-09-06,517.0,,,4,6,250,36,9,3,0
250,2023-09-07,807.0,,Increased due to billing date,5,7,251,36,9,3,1
251,2023-09-08,621.0,,,6,8,252,36,9,3,1
252,2023-09-09,517.0,,,0,9,253,37,9,3,0
253,2023-09-10,517.0,,,1,10,254,37,9,3,0
254,2023-09-11,517.0,,,2,11,255,37,9,3,0
255,2023-09-12,517.0,,,3,12,256,37,9,3,0
256,2023-09-13,518.0,,,4,13,257,37,9,3,0
257,2023-09-14,,,Missing data (anomaly),5,14,258,37,9,3,1
258,2023-09-15,621.0,,,6,15,259,37,9,3,1
259,2023-09-16,518.0,,,0,16,260,38,9,3,0
260,2023-09-17,518.0,,,1,17,261,38,9,3,0
261,2023-09-18,518.0,,,2,18,262,38,9,3,0
262,2023-09-19,518.0,,,3,19,263,38,9,3,0
263,2023-09-20,518.0,,,4,20,264,38,9,3,0
264,2023-09-21,622.0,,,5,21,265,38,9,3,1
265,2023-09-22,622.0,,,6,22,266,38,9,3,1
266,2023-09-23,518.0,,,0,23,267,39,9,3,0
267,2023-09-24,518.0,,,1,24,268,39,9,3,0
268,2023-09-25,674.0,,Increased due to billing date,2,25,269,39,9,3,0
269,2023-09-26,674.0,,Increased due to billing date,3,26,270,39,9,3,0
270,2023-09-27,518.0,,,4,27,271,39,9,3,0
271,2023-09-28,809.0,,Increased due to billing date,5,28,272,39,9,3,1
272,2023-09-29,622.0,,,6,29,273,39,9,3,1
273,2023-09-30,519.0,,,0,30,274,40,9,3,0
274,2023-10-01,519.0,,,1,1,275,40,10,4,0
275,2023-10-02,519.0,,,2,2,276,40,10,4,0
276,2023-10-03,687.0,,Unexpected fluctuation,3,3,277,40,10,4,0
277,2023-10-04,519.0,,,4,4,278,40,10,4,0
278,2023-10-05,623.0,,,5,5,279,40,10,4,1
279,2023-10-06,623.0,,,6,6,280,40,10,4,1
280,2023-10-07,675.0,,Increased due to billing date,0,7,281,41,10,4,0
281,2023-10-08,519.0,,,1,8,282,41,10,4,0
282,2023-10-09,519.0,,,2,9,283,41,10,4,0
283,2023-10-10,519.0,,,3,10,284,41,10,4,0
284,2023-10-11,519.0,,,4,11,285,41,10,4,0
285,2023-10-12,623.0,,,5,12,286,41,10,4,1
286,2023-10-13,624.0,,,6,13,287,41,10,4,1
287,2023-10-14,520.0,Columbus Day,,0,14,288,42,10,4,0
288,2023-10-15,520.0,,,1,15,289,42,10,4,0
289,2023-10-16,520.0,,,2,16,290,42,10,4,0
290,2023-10-17,520.0,,,3,17,291,42,10,4,0
291,2023-10-18,520.0,,,4,18,292,42,10,4,0
292,2023-10-19,624.0,,,5,19,293,42,10,4,1
293,2023-10-20,624.0,,,6,20,294,42,10,4,1
294,2023-10-21,520.0,,,0,21,295,43,10,4,0
295,2023-10-22,520.0,,,1,22,296,43,10,4,0
296,2023-10-23,520.0,,,2,23,297,43,10,4,0
297,2023-10-24,520.0,,,3,24,298,43,10,4,0
298,2023-10-25,677.0,,Increased due to billing date,4,25,299,43,10,4,0
299,2023-10-26,812.0,,Increased due to billing date,5,26,300,43,10,4,1
300,2023-10-27,625.0,,,6,27,301,43,10,4,1
301,2023-10-28,677.0,,Increased due to billing date,0,28,302,44,10,4,0
302,2023-10-29,521.0,,,1,29,303,44,10,4,0
303,2023-10-30,521.0,,,2,30,304,44,10,4,0
304,2023-10-31,521.0,,,3,31,305,44,10,4,0
305,2023-11-01,521.0,,,4,1,306,44,11,4,0
306,2023-11-02,625.0,,,5,2,307,44,11,4,1
307,2023-11-03,625.0,,,6,3,308,44,11,4,1
308,2023-11-04,521.0,,,0,4,309,45,11,4,0
309,2023-11-05,521.0,,,1,5,310,45,11,4,0
310,2023-11-06,521.0,,,2,6,311,45,11,4,0
311,2023-11-07,678.0,,Increased due to billing date,3,7,312,45,11,4,0
312,2023-11-08,521.0,,,4,8,313,45,11,4,0
313,2023-11-09,626.0,,,5,9,314,45,11,4,1
314,2023-11-10,626.0,,,6,10,315,45,11,4,1
315,2023-11-11,522.0,Veterans Day,,0,11,316,46,11,4,0
316,2023-11-12,522.0,,,1,12,317,46,11,4,0
317,2023-11-13,522.0,,,2,13,318,46,11,4,0
318,2023-11-14,522.0,,,3,14,319,46,11,4,0
319,2023-11-15,522.0,,,4,15,320,46,11,4,0
320,2023-11-16,626.0,,,5,16,321,46,11,4,1
321,2023-11-17,626.0,,,6,17,322,46,11,4,1
322,2023-11-18,522.0,,,0,18,323,47,11,4,0
323,2023-11-19,522.0,,,1,19,324,47,11,4,0
324,2023-11-20,522.0,,,2,20,325,47,11,4,0
325,2023-11-21,522.0,,,3,21,326,47,11,4,0
326,2023-11-22,522.0,,,4,22,327,47,11,4,0
327,2023-11-23,627.0,,,5,23,328,47,11,4,1
328,2023-11-24,627.0,,,6,24,329,47,11,4,1
329,2023-11-25,679.0,,Increased due to billing date,0,25,330,48,11,4,0
330,2023-11-26,679.0,,Increased due to billing date,1,26,331,48,11,4,0
331,2023-11-27,523.0,,,2,27,332,48,11,4,0
332,2023-11-28,544.0,Thanksgiving,"Decreased due to Thanksgiving, billing date impact",3,28,333,48,11,4,0
333,2023-11-29,523.0,,,4,29,334,48,11,4,0
334,2023-11-30,627.0,,,5,30,335,48,11,4,1
335,2023-12-01,628.0,,,6,1,336,48,12,4,1
336,2023-12-02,523.0,,,0,2,337,49,12,4,0
337,2023-12-03,523.0,,,1,3,338,49,12,4,0
338,2023-12-04,523.0,,,2,4,339,49,12,4,0
339,2023-12-05,523.0,,,3,5,340,49,12,4,0
340,2023-12-06,523.0,,,4,6,341,49,12,4,0
341,2023-12-07,816.0,,Increased due to billing date,5,7,342,49,12,4,1
342,2023-12-08,628.0,,,6,8,343,49,12,4,1
343,2023-12-09,523.0,,,0,9,344,50,12,4,0
344,2023-12-10,524.0,,,1,10,345,50,12,4,0
345,2023-12-11,524.0,,,2,11,346,50,12,4,0
346,2023-12-12,524.0,,,3,12,347,50,12,4,0
347,2023-12-13,524.0,,,4,13,348,50,12,4,0
348,2023-12-14,629.0,,,5,14,349,50,12,4,1
349,2023-12-15,629.0,,,6,15,350,50,12,4,1
350,2023-12-16,524.0,,,0,16,351,51,12,4,0
351,2023-12-17,524.0,,,1,17,352,51,12,4,0
352,2023-12-18,524.0,,,2,18,353,51,12,4,0
353,2023-12-19,524.0,,,3,19,354,51,12,4,0
354,2023-12-20,524.0,,,4,20,355,51,12,4,0
355,2023-12-21,629.0,,,5,21,356,51,12,4,1
356,2023-12-22,629.0,,,6,22,357,51,12,4,1
357,2023-12-23,524.0,,,0,23,358,52,12,4,0
358,2023-12-24,525.0,,,1,24,359,52,12,4,0
359,2023-12-25,682.0,Christmas Day,Increased due to billing date,2,25,360,52,12,4,0
360,2023-12-26,682.0,,Increased due to billing date,3,26,361,52,12,4,0
361,2023-12-27,525.0,,,4,27,362,52,12,4,0
362,2023-12-28,819.0,,Increased due to billing date,5,28,363,52,12,4,1
363,2023-12-29,630.0,,,6,29,364,52,12,4,1
364,2023-12-30,525.0,,,0,30,365,1,12,4,0
365,2023-12-31,525.0,,,1,31,366,1,12,4,0
366,2024-01-01,420.0,New Year's Day,Decreased due to New Year's Day,2,1,1,1,1,1,0
367,2024-01-02,525.0,,,3,2,2,1,1,1,0
368,2024-01-03,525.0,,,4,3,3,1,1,1,0
369,2024-01-04,630.0,,,5,4,4,1,1,1,1
370,2024-01-05,630.0,,,6,5,5,1,1,1,1
371,2024-01-06,525.0,,,0,6,6,2,1,1,0
372,2024-01-07,683.0,,Increased due to billing date,1,7,7,2,1,1,0
373,2024-01-08,526.0,,,2,8,8,2,1,1,0
374,2024-01-09,526.0,,,3,9,9,2,1,1,0
375,2024-01-10,526.0,,,4,10,10,2,1,1,0
376,2024-01-11,631.0,,,5,11,11,2,1,1,1
377,2024-01-12,631.0,,,6,12,12,2,1,1,1
378,2024-01-13,526.0,,,0,13,13,3,1,1,0
379,2024-01-14,526.0,,,1,14,14,3,1,1,0
380,2024-01-15,526.0,,,2,15,15,3,1,1,0
381,2024-01-16,526.0,,,3,16,16,3,1,1,0
382,2024-01-17,,,Missing data (anomaly),4,17,17,3,1,1,0
383,2024-01-18,631.0,,,5,18,18,3,1,1,1
384,2024-01-19,632.0,,,6,19,19,3,1,1,1
385,2024-01-20,526.0,Martin Luther King Jr. Day,,0,20,20,4,1,1,0
386,2024-01-21,526.0,,,1,21,21,4,1,1,0
387,2024-01-22,527.0,,,2,22,22,4,1,1,0
388,2024-01-23,527.0,,,3,23,23,4,1,1,0
389,2024-01-24,527.0,,,4,24,24,4,1,1,0
390,2024-01-25,822.0,,Increased due to billing date,5,25,25,4,1,1,1
391,2024-01-26,822.0,,Increased due to billing date,6,26,26,4,1,1,1
392,2024-01-27,527.0,,,0,27,27,5,1,1,0
393,2024-01-28,685.0,,Increased due to billing date,1,28,28,5,1,1,0
394,2024-01-29,527.0,,,2,29,29,5,1,1,0
395,2024-01-30,527.0,,,3,30,30,5,1,1,0
396,2024-01-31,527.0,,,4,31,31,5,1,1,0
397,2024-02-01,633.0,,,5,1,32,5,2,1,1
398,2024-02-02,633.0,,,6,2,33,5,2,1,1
399,2024-02-03,527.0,,,0,3,34,6,2,1,0
400,2024-02-04,527.0,,,1,4,35,6,2,1,0
401,2024-02-05,527.0,,,2,5,36,6,2,1,0
402,2024-02-06,528.0,,,3,6,37,6,2,1,0
403,2024-02-07,686.0,,Increased due to billing date,4,7,38,6,2,1,0
404,2024-02-08,633.0,,,5,8,39,6,2,1,1
405,2024-02-09,633.0,,,6,9,40,6,2,1,1
406,2024-02-10,528.0,,,0,10,41,7,2,1,0
407,2024-02-11,528.0,,,1,11,42,7,2,1,0
408,2024-02-12,528.0,,,2,12,43,7,2,1,0
409,2024-02-13,528.0,,,3,13,44,7,2,1,0
410,2024-02-14,436.0,,Unexpected fluctuation,4,14,45,7,2,1,0
411,2024-02-15,1214.0,,Unexpected fluctuation,5,15,46,7,2,1,1
412,2024-02-16,634.0,,,6,16,47,7,2,1,1
413,2024-02-17,528.0,Washington's Birthday,,0,17,48,8,2,1,0
414,2024-02-18,528.0,,,1,18,49,8,2,1,0
415,2024-02-19,528.0,,,2,19,50,8,2,1,0
416,2024-02-20,528.0,,,3,20,51,8,2,1,0
417,2024-02-21,529.0,,,4,21,52,8,2,1,0
418,2024-02-22,634.0,,,5,22,53,8,2,1,1
419,2024-02-23,634.0,,,6,23,54,8,2,1,1
420,2024-02-24,529.0,,,0,24,55,9,2,1,0
421,2024-02-25,687.0,,Increased due to billing date,1,25,56,9,2,1,0
422,2024-02-26,688.0,,Increased due to billing date,2,26,57,9,2,1,0
423,2024-02-27,529.0,,,3,27,58,9,2,1,0
424,2024-02-28,688.0,,Increased due to billing date,4,28,59,9,2,1,0
425,2024-03-01,635.0,,,5,1,60,9,3,1,1
426,2024-03-02,635.0,,,6,2,61,9,3,1,1
427,2024-03-03,529.0,,,0,3,62,10,3,1,0
428,2024-03-04,529.0,,,1,4,63,10,3,1,0
429,2024-03-05,529.0,,,2,5,64,10,3,1,0
430,2024-03-06,529.0,,,3,6,65,10,3,1,0
431,2024-03-07,688.0,,Increased due to billing date,4,7,66,10,3,1,0
432,2024-03-08,636.0,,,5,8,67,10,3,1,1
433,2024-03-09,636.0,,,6,9,68,10,3,1,1
434,2024-03-10,530.0,,,0,10,69,11,3,1,0
435,2024-03-11,530.0,,,1,11,70,11,3,1,0
436,2024-03-12,530.0,,,2,12,71,11,3,1,0
437,2024-03-13,530.0,,,3,13,72,11,3,1,0
438,2024-03-14,530.0,,,4,14,73,11,3,1,0
439,2024-03-15,636.0,,,5,15,74,11,3,1,1
440,2024-03-16,636.0,,,6,16,75,11,3,1,1
441,2024-03-17,530.0,,,0,17,76,12,3,1,0
442,2024-03-18,530.0,,,1,18,77,12,3,1,0
443,2024-03-19,530.0,,,2,19,78,12,3,1,0
444,2024-03-20,530.0,,,3,20,79,12,3,1,0
445,2024-03-21,530.0,,,4,21,80,12,3,1,0
446,2024-03-22,637.0,,,5,22,81,12,3,1,1
447,2024-03-23,637.0,,,6,23,82,12,3,1,1
448,2024-03-24,531.0,,,0,24,83,13,3,1,0
449,2024-03-25,690.0,,Increased due to billing date,1,25,84,13,3,1,0
450,2024-03-26,690.0,,Increased due to billing date,2,26,85,13,3,1,0
451,2024-03-27,531.0,,,3,27,86,13,3,1,0
452,2024-03-28,690.0,,Increased due to billing date,4,28,87,13,3,1,0
453,2024-03-29,637.0,,,5,29,88,13,3,1,1
454,2024-03-30,637.0,,,6,30,89,13,3,1,1
455,2024-03-31,531.0,,,0,31,90,14,3,1,0
456,2024-04-01,531.0,,,1,1,91,14,4,2,0
457,2024-04-02,531.0,,,2,2,92,14,4,2,0
458,2024-04-03,531.0,,,3,3,93,14,4,2,0
459,2024-04-04,531.0,,,4,4,94,14,4,2,0
460,2024-04-05,638.0,,,5,5,95,14,4,2,1
461,2024-04-06,638.0,,,6,6,96,14,4,2,1
462,2024-04-07,691.0,,Increased due to billing date,0,7,97,15,4,2,0
463,2024-04-08,532.0,,,1,8,98,15,4,2,0
464,2024-04-09,532.0,,,2,9,99,15,4,2,0
465,2024-04-10,532.0,,,3,10,100,15,4,2,0
466,2024-04-11,532.0,,,4,11,101,15,4,2,0
467,2024-04-12,638.0,,,5,12,102,15,4,2,1
468,2024-04-13,638.0,,,6,13,103,15,4,2,1
469,2024-04-14,532.0,,,0,14,104,16,4,2,0
470,2024-04-15,532.0,,,1,15,105,16,4,2,0
471,2024-04-16,532.0,,,2,16,106,16,4,2,0
472,2024-04-17,532.0,,,3,17,107,16,4,2,0
473,2024-04-18,532.0,,,4,18,108,16,4,2,0
474,2024-04-19,639.0,,,5,19,109,16,4,2,1
475,2024-04-20,639.0,,,6,20,110,16,4,2,1
476,2024-04-21,533.0,,,0,21,111,17,4,2,0
477,2024-04-22,533.0,,,1,22,112,17,4,2,0
478,2024-04-23,533.0,,,2,23,113,17,4,2,0
479,2024-04-24,533.0,,,3,24,114,17,4,2,0
480,2024-04-25,693.0,,Increased due to billing date,4,25,115,17,4,2,0
481,2024-04-26,831.0,,Increased due to billing date,5,26,116,17,4,2,1
482,2024-04-27,640.0,,,6,27,117,17,4,2,1
483,2024-04-28,693.0,,Increased due to billing date,0,28,118,18,4,2,0
484,2024-04-29,533.0,,,1,29,119,18,4,2,0
485,2024-04-30,533.0,,,2,30,120,18,4,2,0
486,2024-05-01,533.0,,,3,1,121,18,5,2,0
487,2024-05-02,533.0,,,4,2,122,18,5,2,0
488,2024-05-03,640.0,,,5,3,123,18,5,2,1
489,2024-05-04,640.0,,,6,4,124,18,5,2,1
490,2024-05-05,534.0,,,0,5,125,19,5,2,0
491,2024-05-06,534.0,,,1,6,126,19,5,2,0
492,2024-05-07,694.0,,Increased due to billing date,2,7,127,19,5,2,0
493,2024-05-08,534.0,,,3,8,128,19,5,2,0
494,2024-05-09,534.0,,,4,9,129,19,5,2,0
495,2024-05-10,641.0,,,5,10,130,19,5,2,1
496,2024-05-11,641.0,,,6,11,131,19,5,2,1
497,2024-05-12,534.0,,,0,12,132,20,5,2,0
498,2024-05-13,534.0,,,1,13,133,20,5,2,0
499,2024-05-14,534.0,,,2,14,134,20,5,2,0
500,2024-05-15,534.0,,,3,15,135,20,5,2,0
501,2024-05-16,534.0,,,4,16,136,20,5,2,0
502,2024-05-17,641.0,,,5,17,137,20,5,2,1
503,2024-05-18,628.0,,Unexpected fluctuation,6,18,138,20,5,2,1
504,2024-05-19,535.0,,,0,19,139,21,5,2,0
505,2024-05-20,655.0,,Unexpected fluctuation,1,20,140,21,5,2,0
506,2024-05-21,535.0,,,2,21,141,21,5,2,0
507,2024-05-22,535.0,,,3,22,142,21,5,2,0
508,2024-05-23,535.0,,,4,23,143,21,5,2,0
509,2024-05-24,642.0,,,5,24,144,21,5,2,1
510,2024-05-25,834.0,,Increased due to billing date,6,25,145,21,5,2,1
511,2024-05-26,696.0,Memorial Day,Increased due to billing date,0,26,146,22,5,2,0
512,2024-05-27,535.0,,,1,27,147,22,5,2,0
513,2024-05-28,696.0,,Increased due to billing date,2,28,148,22,5,2,0
514,2024-05-29,535.0,,,3,29,149,22,5,2,0
515,2024-05-30,535.0,,,4,30,150,22,5,2,0
516,2024-05-31,642.0,,,5,31,151,22,5,2,1
517,2024-06-01,642.0,,,6,1,152,22,6,2,1
518,2024-06-02,535.0,,,0,2,153,23,6,2,0
519,2024-06-03,536.0,,,1,3,154,23,6,2,0
520,2024-06-04,536.0,,,2,4,155,23,6,2,0
521,2024-06-05,,,Missing data (anomaly),3,5,156,23,6,2,0
522,2024-06-06,999.0,,Unexpected fluctuation,4,6,157,23,6,2,0
523,2024-06-07,836.0,,Increased due to billing date,5,7,158,23,6,2,1
524,2024-06-08,643.0,,,6,8,159,23,6,2,1
525,2024-06-09,536.0,,,0,9,160,24,6,2,0
526,2024-06-10,536.0,,,1,10,161,24,6,2,0
527,2024-06-11,536.0,,,2,11,162,24,6,2,0
528,2024-06-12,536.0,,,3,12,163,24,6,2,0
529,2024-06-13,536.0,,,4,13,164,24,6,2,0
530,2024-06-14,644.0,,,5,14,165,24,6,2,1
531,2024-06-15,644.0,,,6,15,166,24,6,2,1
532,2024-06-16,536.0,,,0,16,167,25,6,2,0
533,2024-06-17,537.0,,,1,17,168,25,6,2,0
534,2024-06-18,537.0,,,2,18,169,25,6,2,0
535,2024-06-19,537.0,Juneteenth National Independence Day,,3,19,170,25,6,2,0
536,2024-06-20,537.0,,,4,20,171,25,6,2,0
537,2024-06-21,644.0,,,5,21,172,25,6,2,1
538,2024-06-22,644.0,,,6,22,173,25,6,2,1
539,2024-06-23,537.0,,,0,23,174,26,6,2,0
540,2024-06-24,537.0,,,1,24,175,26,6,2,0
541,2024-06-25,698.0,,Increased due to billing date,2,25,176,26,6,2,0
542,2024-06-26,698.0,,Increased due to billing date,3,26,177,26,6,2,0
543,2024-06-27,537.0,,,4,27,178,26,6,2,0
544,2024-06-28,838.0,,Increased due to billing date,5,28,179,26,6,2,1
545,2024-06-29,645.0,,,6,29,180,26,6,2,1
546,2024-06-30,537.0,,,0,30,181,27,6,2,0
547,2024-07-01,537.0,,,1,1,182,27,7,3,0
548,2024-07-02,538.0,,,2,2,183,27,7,3,0
549,2024-07-03,538.0,,,3,3,184,27,7,3,0
550,2024-07-04,430.0,Independence Day,Decreased due to Independence Day,4,4,185,27,7,3,0
551,2024-07-05,645.0,,,5,5,186,27,7,3,1
552,2024-07-06,645.0,,,6,6,187,27,7,3,1
553,2024-07-07,,,Missing data (anomaly),0,7,188,28,7,3,0
554,2024-07-08,538.0,,,1,8,189,28,7,3,0
555,2024-07-09,538.0,,,2,9,190,28,7,3,0
556,2024-07-10,538.0,,,3,10,191,28,7,3,0
557,2024-07-11,538.0,,,4,11,192,28,7,3,0
558,2024-07-12,646.0,,,5,12,193,28,7,3,1
559,2024-07-13,646.0,,,6,13,194,28,7,3,1
560,2024-07-14,538.0,,,0,14,195,29,7,3,0
561,2024-07-15,538.0,,,1,15,196,29,7,3,0
562,2024-07-16,538.0,,,2,16,197,29,7,3,0
563,2024-07-17,539.0,,,3,17,198,29,7,3,0
564,2024-07-18,539.0,,,4,18,199,29,7,3,0
565,2024-07-19,646.0,,,5,19,200,29,7,3,1
566,2024-07-20,647.0,,,6,20,201,29,7,3,1
567,2024-07-21,539.0,,,0,21,202,30,7,3,0
568,2024-07-22,539.0,,,1,22,203,30,7,3,0
569,2024-07-23,539.0,,,2,23,204,30,7,3,0
570,2024-07-24,539.0,,,3,24,205,30,7,3,0
571,2024-07-25,701.0,,Increased due to billing date,4,25,206,30,7,3,0
572,2024-07-26,841.0,,Increased due to billing date,5,26,207,30,7,3,1
573,2024-07-27,647.0,,,6,27,208,30,7,3,1
574,2024-07-28,701.0,,Increased due to billing date,0,28,209,31,7,3,0
575,2024-07-29,539.0,,,1,29,210,31,7,3,0
576,2024-07-30,539.0,,,2,30,211,31,7,3,0
577,2024-07-31,540.0,,,3,31,212,31,7,3,0
578,2024-08-01,540.0,,,4,1,213,31,8,3,0
579,2024-08-02,648.0,,,5,2,214,31,8,3,1
580,2024-08-03,648.0,,,6,3,215,31,8,3,1
581,2024-08-04,466.0,,Unexpected fluctuation,0,4,216,32,8,3,0
582,2024-08-05,540.0,,,1,5,217,32,8,3,0
583,2024-08-06,540.0,,,2,6,218,32,8,3,0
584,2024-08-07,702.0,,Increased due to billing date,3,7,219,32,8,3,0
585,2024-08-08,540.0,,,4,8,220,32,8,3,0
586,2024-08-09,648.0,,,5,9,221,32,8,3,1
587,2024-08-10,648.0,,,6,10,222,32,8,3,1
588,2024-08-11,540.0,,,0,11,223,33,8,3,0
589,2024-08-12,540.0,,,1,12,224,33,8,3,0
590,2024-08-13,540.0,,,2,13,225,33,8,3,0
591,2024-08-14,540.0,,,3,14,226,33,8,3,0
592,2024-08-15,541.0,,,4,15,227,33,8,3,0
593,2024-08-16,649.0,,,5,16,228,33,8,3,1
594,2024-08-17,649.0,,,6,17,229,33,8,3,1
595,2024-08-18,541.0,,,0,18,230,34,8,3,0
596,2024-08-19,541.0,,,1,19,231,34,8,3,0
597,2024-08-20,541.0,,,2,20,232,34,8,3,0
598,2024-08-21,541.0,,,3,21,233,34,8,3,0
599,2024-08-22,541.0,,,4,22,234,34,8,3,0
600,2024-08-23,649.0,,,5,23,235,34,8,3,1
601,2024-08-24,649.0,,,6,24,236,34,8,3,1
602,2024-08-25,704.0,,Increased due to billing date,0,25,237,35,8,3,0
603,2024-08-26,704.0,,Increased due to billing date,1,26,238,35,8,3,0
604,2024-08-27,541.0,,,2,27,239,35,8,3,0
605,2024-08-28,,,Missing data (anomaly),3,28,240,35,8,3,0
606,2024-08-29,542.0,,,4,29,241,35,8,3,0
607,2024-08-30,650.0,,,5,30,242,35,8,3,1
608,2024-08-31,650.0,,,6,31,243,35,8,3,1
609,2024-09-01,542.0,Labor Day,,0,1,244,36,9,3,0
610,2024-09-02,542.0,,,1,2,245,36,9,3,0
611,2024-09-03,542.0,,,2,3,246,36,9,3,0
612,2024-09-04,542.0,,,3,4,247,36,9,3,0
613,2024-09-05,542.0,,,4,5,248,36,9,3,0
614,2024-09-06,650.0,,,5,6,249,36,9,3,1
615,2024-09-07,,,Missing data (anomaly),6,7,250,36,9,3,1
616,2024-09-08,542.0,,,0,8,251,37,9,3,0
617,2024-09-09,542.0,,,1,9,252,37,9,3,0
618,2024-09-10,542.0,,,2,10,253,37,9,3,0
619,2024-09-11,542.0,,,3,11,254,37,9,3,0
620,2024-09-12,542.0,,,4,12,255,37,9,3,0
621,2024-09-13,651.0,,,5,13,256,37,9,3,1
622,2024-09-14,651.0,,,6,14,257,37,9,3,1
623,2024-09-15,543.0,,,0,15,258,38,9,3,0
624,2024-09-16,543.0,,,1,16,259,38,9,3,0
625,2024-09-17,543.0,,,2,17,260,38,9,3,0
626,2024-09-18,543.0,,,3,18,261,38,9,3,0
627,2024-09-19,543.0,,,4,19,262,38,9,3,0
628,2024-09-20,652.0,,,5,20,263,38,9,3,1
629,2024-09-21,504.0,,Unexpected fluctuation,6,21,264,38,9,3,1
630,2024-09-22,543.0,,,0,22,265,39,9,3,0
631,2024-09-23,543.0,,,1,23,266,39,9,3,0
632,2024-09-24,543.0,,,2,24,267,39,9,3,0
633,2024-09-25,706.0,,Increased due to billing date,3,25,268,39,9,3,0
634,2024-09-26,706.0,,Increased due to billing date,4,26,269,39,9,3,0
635,2024-09-27,652.0,,,5,27,270,39,9,3,1
636,2024-09-28,848.0,,Increased due to billing date,6,28,271,39,9,3,1
637,2024-09-29,544.0,,,0,29,272,40,9,3,0
638,2024-09-30,544.0,,,1,30,273,40,9,3,0
639,2024-10-01,544.0,,,2,1,274,40,10,4,0
640,2024-10-02,544.0,,,3,2,275,40,10,4,0
641,2024-10-03,366.0,,Unexpected fluctuation,4,3,276,40,10,4,0
642,2024-10-04,653.0,,,5,4,277,40,10,4,1
643,2024-10-05,653.0,,,6,5,278,40,10,4,1
644,2024-10-06,,,Missing data (anomaly),0,6,279,41,10,4,0
645,2024-10-07,707.0,,Increased due to billing date,1,7,280,41,10,4,0
646,2024-10-08,756.0,,Unexpected fluctuation,2,8,281,41,10,4,0
647,2024-10-09,544.0,,,3,9,282,41,10,4,0
648,2024-10-10,609.0,,Unexpected fluctuation,4,10,283,41,10,4,0
649,2024-10-11,653.0,,,5,11,284,41,10,4,1
650,2024-10-12,653.0,,,6,12,285,41,10,4,1
651,2024-10-13,545.0,Columbus Day,,0,13,286,42,10,4,0
652,2024-10-14,545.0,,,1,14,287,42,10,4,0
653,2024-10-15,545.0,,,2,15,288,42,10,4,0
654,2024-10-16,,,Missing data (anomaly),3,16,289,42,10,4,0
655,2024-10-17,545.0,,,4,17,290,42,10,4,0
656,2024-10-18,654.0,,,5,18,291,42,10,4,1
657,2024-10-19,654.0,,,6,19,292,42,10,4,1
658,2024-10-20,545.0,,,0,20,293,43,10,4,0
659,2024-10-21,545.0,,,1,21,294,43,10,4,0
660,2024-10-22,545.0,,,2,22,295,43,10,4,0
661,2024-10-23,545.0,,,3,23,296,43,10,4,0
662,2024-10-24,545.0,,,4,24,297,43,10,4,0
663,2024-10-25,851.0,,Increased due to billing date,5,25,298,43,10,4,1
664,2024-10-26,851.0,,Increased due to billing date,6,26,299,43,10,4,1
665,2024-10-27,546.0,,,0,27,300,44,10,4,0
666,2024-10-28,709.0,,Increased due to billing date,1,28,301,44,10,4,0
667,2024-10-29,546.0,,,2,29,302,44,10,4,0
668,2024-10-30,546.0,,,3,30,303,44,10,4,0
669,2024-10-31,546.0,,,4,31,304,44,10,4,0
670,2024-11-01,655.0,,,5,1,305,44,11,4,1
671,2024-11-02,655.0,,,6,2,306,44,11,4,1
672,2024-11-03,546.0,,,0,3,307,45,11,4,0
673,2024-11-04,546.0,,,1,4,308,45,11,4,0
674,2024-11-05,546.0,,,2,5,309,45,11,4,0
675,2024-11-06,546.0,,,3,6,310,45,11,4,0
676,2024-11-07,710.0,,Increased due to billing date,4,7,311,45,11,4,0
677,2024-11-08,656.0,,,5,8,312,45,11,4,1
678,2024-11-09,656.0,,,6,9,313,45,11,4,1
679,2024-11-10,547.0,,,0,10,314,46,11,4,0
680,2024-11-11,547.0,Veterans Day,,1,11,315,46,11,4,0
681,2024-11-12,547.0,,,2,12,316,46,11,4,0
682,2024-11-13,547.0,,,3,13,317,46,11,4,0
683,2024-11-14,547.0,,,4,14,318,46,11,4,0
684,2024-11-15,656.0,,,5,15,319,46,11,4,1
685,2024-11-16,656.0,,,6,16,320,46,11,4,1
686,2024-11-17,547.0,,,0,17,321,47,11,4,0
687,2024-11-18,547.0,,,1,18,322,47,11,4,0
688,2024-11-19,547.0,,,2,19,323,47,11,4,0
689,2024-11-20,547.0,,,3,20,324,47,11,4,0
690,2024-11-21,547.0,,,4,21,325,47,11,4,0
691,2024-11-22,657.0,,,5,22,326,47,11,4,1
692,2024-11-23,657.0,,,6,23,327,47,11,4,1
693,2024-11-24,547.0,,,0,24,328,48,11,4,0
694,2024-11-25,712.0,,Increased due to billing date,1,25,329,48,11,4,0
695,2024-11-26,712.0,,Increased due to billing date,2,26,330,48,11,4,0
696,2024-11-27,438.0,Thanksgiving,Decreased due to Thanksgiving,3,27,331,48,11,4,0
697,2024-11-28,1380.0,,"Increased due to billing date, unexpected fluctuation",4,28,332,48,11,4,0
698,2024-11-29,657.0,,,5,29,333,48,11,4,1
699,2024-11-30,657.0,,,6,30,334,48,11,4,1
700,2024-12-01,548.0,,,0,1,335,49,12,4,0
701,2024-12-02,548.0,,,1,2,336,49,12,4,0
702,2024-12-03,548.0,,,2,3,337,49,12,4,0
703,2024-12-04,548.0,,,3,4,338,49,12,4,0
704,2024-12-05,548.0,,,4,5,339,49,12,4,0
705,2024-12-06,658.0,,,5,6,340,49,12,4,1
706,2024-12-07,855.0,,Increased due to billing date,6,7,341,49,12,4,1
707,2024-12-08,548.0,,,0,8,342,50,12,4,0
708,2024-12-09,548.0,,,1,9,343,50,12,4,0
709,2024-12-10,549.0,,,2,10,344,50,12,4,0
710,2024-12-11,549.0,,,3,11,345,50,12,4,0
711,2024-12-12,549.0,,,4,12,346,50,12,4,0
712,2024-12-13,659.0,,,5,13,347,50,12,4,1
713,2024-12-14,659.0,,,6,14,348,50,12,4,1
714,2024-12-15,549.0,,,0,15,349,51,12,4,0
715,2024-12-16,549.0,,,1,16,350,51,12,4,0
716,2024-12-17,549.0,,,2,17,351,51,12,4,0
717,2024-12-18,549.0,,,3,18,352,51,12,4,0
718,2024-12-19,549.0,,,4,19,353,51,12,4,0
719,2024-12-20,659.0,,,5,20,354,51,12,4,1
720,2024-12-21,659.0,,,6,21,355,51,12,4,1
721,2024-12-22,549.0,,,0,22,356,52,12,4,0
722,2024-12-23,549.0,,,1,23,357,52,12,4,0
723,2024-12-24,550.0,,,2,24,358,52,12,4,0
724,2024-12-25,714.0,Christmas Day,Increased due to billing date,3,25,359,52,12,4,0
725,2024-12-26,715.0,,Increased due to billing date,4,26,360,52,12,4,0
726,2024-12-27,660.0,,,5,27,361,52,12,4,1
727,2024-12-28,858.0,,Increased due to billing date,6,28,362,52,12,4,1
728,2024-12-29,550.0,,,0,29,363,1,12,4,0
729,2024-12-30,550.0,,,1,30,364,1,12,4,0
730,2024-12-31,550.0,,,2,31,365,1,12,4,0
